COG1943	K07491
COG1670	K03790
COG0520	K11717
COG2461	K09155
COG1959	K13643
COG1520	K17713
COG2067	K06076
COG0194	K00942
COG0452	K13038
COG1573	K21929
COG0305	K02314
COG0317	K01139
COG0816	K07447
COG0673	K00010
COG0815	K03820
COG4105	K05807
COG1057	K00969
COG1333	K07399
COG4799	K01966
COG3119	K01138
COG1115	K03310
COG1301	K03309
COG0325	K06997
COG0762	K02221
COG3599	K04074
COG0005	K00772
COG0060	K01870
COG1734	K06204
COG0597	K03101
COG1238	K03975
COG1502	K06131
COG0156	K00639
COG1136	K05685
COG4591	K09808
COG1180	K04069
COG0698	K01808
COG0628	K03548
COG0112	K00600
COG2818	K01246
COG0382	K03179
COG0424	K06287
COG1426	K15539
COG0821	K03526
COG1661	K06934
COG1428	K15518
COG0399	K13010
COG1898	K01790
COG1003	K00283
COG1199	K03722
COG2176	K03763
COG0346	K08234
COG0621	K06168
COG2956	K19804
COG0530	K07301
COG3147	K03749
COG1729	K05807
COG1555	K02237
COG0731	K04069
COG2008	K01620
COG2890	K02493
COG3481	K03698
COG1363	K20608
COG3631	K06893
COG2304	K07114
COG2843	K07282
COG0358	K02316
COG0582	K14059
COG0104	K01939
COG0341	K03074
COG0342	K12257
COG1344	K02406
COG0789	K22491
COG2870	K03272
COG0615	K03272
COG0541	K03106
COG0228	K02959
COG1837	K06960
COG0806	K02860
COG0336	K00554
COG0335	K02884
COG4206	K16092
COG4191	K02482
COG2984	K01989
COG2951	K08305
COG0860	K01448
COG0796	K01776
COG0285	K11754
COG1158	K03628
COG1624	K18672
COG1214	K14742
COG0802	K06925
COG2204	K07714
COG5495	K06988
COG1559	K07082
COG0210	K03657
COG0157	K00767
COG0642	K11527
COG2205	K11527
COG0745	K07658
COG1449	K16149
COG1543	K16149
COG1085	K00965
COG0446	K17218
COG4577	K04027
COG0451	K00091
COG1762	K02806
COG0084	K03424
COG0535	K22227
COG3005	K15876
COG2864	K00127
COG0484	K03686
COG1187	K06178
COG0330	K17286
COG1030	K07403
COG1921	K01042
COG1032	K04034
COG0612	K07263
COG0526	K02199
COG0616	K04773
COG0714	K03924
COG0820	K06941
COG1305	K22452
COG4976	K00568
COG2755	K10804
COG3169	K09922
COG0586	K03975
COG1752	K07001
COG1249	K00382
COG1740	K06282
COG0374	K06281
COG1969	K03620
COG0680	K03605
COG0321	K03801
COG0265	K04771
COG0470	K02341
COG0025	K03316
COG0500	K03183
COG2226	K03183
COG0640	K03892
COG1040	K02242
COG0006	K01271
COG0237	K00859
COG0149	K01803
COG0126	K00927
COG0057	K00134
COG0191	K01624
COG2402	K07065
COG0205	K21071
COG4552	K03824
COG1656	K09122
COG0606	K07391
COG1216	K16870
COG0438	K00754
COG0771	K01925
COG0254	K02909
COG0004	K03320
COG1012	K00135
COG0160	K00823
COG4641	K06320
COG1028	K00059
COG1295	K07058
COG3408	K05989
COG1899	K00809
COG1619	K01297
COG0552	K03110
COG0061	K00858
COG1154	K01662
COG1722	K03602
COG1570	K03601
COG0622	K07095
COG0776	K03530
COG1388	K08307
COG0741	K08309
COG0737	K11751
COG0347	K04751
COG0591	K03307
COG1972	K03317
COG1816	K01488
COG2374	K07004
COG3420	K07218
COG2133	K21430
COG3070	K07343
COG2227	K00568
COG1162	K06949
COG3153	K03824
COG1403	K07451
COG2885	K03286
COG0823	K03641
COG0457	K09667
COG4409	K01186
COG0426	K22405
COG0251	K09022
COG0053	K13283
COG0262	K00082
COG0124	K01892
COG0181	K01749
COG1587	K13542
COG0407	K01599
COG0635	K21936
COG0276	K01772
COG1232	K00231
COG0373	K02492
COG0113	K01698
COG0001	K01845
COG0746	K03752
COG1763	K03753
COG1213	K01009
COG0641	K06871
COG1082	K03079
COG0243	K08352
COG2356	K01150
COG0724	K13195
COG1073	K06889
COG0038	K03281
COG0253	K01778
COG0456	K03789
COG0454	K03789
COG2208	K07315
COG5485	K15945
COG1409	K03651
COG0664	K10914
COG1278	K03704
COG1515	K05982
COG1922	K05946
COG2086	K03521
COG2025	K03522
COG0644	K17830
COG2440	K00311
COG1262	K13444
COG3386	K01053
COG3693	K01181
COG0455	K04562
COG4758	K11622
COG0729	K07278
COG1595	K03088
COG0339	K01414
COG0384	K06998
COG3462	K08982
COG2020	K21310
COG0248	K01524
COG1420	K03705
COG0576	K03687
COG0742	K08316
COG0030	K02528
COG2239	K06213
COG1381	K03584
COG0758	K04096
COG3118	K03672
COG2148	K03606
COG0859	K02843
COG0473	K00052
COG0854	K03474
COG1419	K02404
COG1418	K18682
COG0637	K01838
COG0158	K03841
COG1975	K07402
COG2259	K15977
COG1091	K00067
COG2835	K09791
COG1160	K03977
COG1956	K08968
COG0281	K00027
COG0614	K02016
COG0209	K00525
COG0846	K12410
COG2866	K05996
COG0753	K03781
COG2010	K00406
COG1924	K04114
COG1775	K04112
COG0218	K03978
COG0466	K01338
COG3769	K07026
COG0375	K04651
COG0378	K04652
COG0613	K07053
COG3104	K03305
COG0620	K00549
COG0646	K00548
COG0685	K00297
COG1414	K13641
COG0252	K01424
COG2244	K03328
COG1810	K22882
COG1456	K00197
COG2069	K00194
COG3640	K07321
COG1506	K01303
COG3303	K03385
COG0421	K00797
COG4818	K09940
COG0442	K01881
COG1309	K09017
COG3829	K02584
COG0247	K11473
COG2181	K00374
COG0437	K00184
COG5557	K00185
COG3852	K13587
COG5000	K13598
COG1538	K12340
COG0845	K02005
COG3696	K07787
COG0841	K03296
COG4608	K10823
COG0444	K15583
COG1173	K02034
COG0601	K02033
COG0747	K02035
COG3501	K11904
COG0542	K03696
COG3520	K11895
COG3519	K11896
COG3518	K11897
COG3157	K11903
COG3517	K11900
COG3516	K11901
COG3515	K11902
COG0674	K00174
COG2827	K07461
COG1013	K00175
COG1708	K07076
COG2333	K02238
COG0123	K11407
COG0348	K02574
COG1994	K06402
COG0517	K04767
COG5592	K07322
COG0412	K01061
COG2312	K06880
COG1793	K01971
COG3285	K01971
COG0296	K00700
COG3280	K06044
COG2957	K10536
COG4122	K00588
COG0394	K03741
COG2403	K05716
COG0549	K00926
COG0045	K01903
COG0074	K01902
COG1146	K05524
COG1014	K00177
COG0105	K00940
COG1250	K00074
COG0282	K00925
COG0543	K02823
COG0493	K00266
COG1399	K07040
COG0333	K02911
COG0416	K03621
COG0332	K00648
COG0331	K00645
COG0236	K02078
COG0304	K09458
COG0571	K03685
COG1960	K00248
COG0234	K04078
COG0459	K04077
COG1614	K14138
COG1251	K00362
COG1529	K00087
COG1142	K00196
COG0369	K05601
COG1151	K05601
COG2203	K07814
COG5002	K07652
COG3437	K07814
COG2103	K07106
COG1629	K16089
COG4771	K16089
COG1075	K01046
COG0224	K02115
COG0463	K00721
COG0663	K01726
COG2030	K17865
COG2301	K01644
COG1541	K01912
COG0810	K03832
COG5305	K14340
COG3315	K19570
COG1852	K09729
COG2519	K07442
COG3894	K16183
COG0633	K04755
COG0388	K01950
COG0515	K08884
COG3899	K19690
COG1181	K01921
COG2271	K08177
COG1936	K18554
COG0322	K03703
COG0075	K00830
COG3379	K01138
COG3307	K18814
COG0428	K07238
COG0501	K03799
COG1408	K07098
COG1122	K16786
COG2920	K23077
COG1797	K02224
COG2221	K00533
COG0288	K01673
COG0007	K13542
COG1648	K02304
COG1164	K08602
COG0008	K09698
COG2234	K19701
COG2766	K07180
COG2718	K09786
COG2719	K06415
COG1268	K03523
COG1846	K06075
COG1596	K01991
COG2812	K02343
COG0718	K09747
COG0353	K06187
COG1144	K00171
COG1669	K07075
COG0558	K08744
COG1267	K01095
COG1219	K03544
COG0740	K01358
COG0544	K03545
COG4262	K00797
COG0509	K02437
COG0334	K00260
COG0491	K01069
COG1462	K06214
COG2001	K03925
COG0275	K03438
COG0768	K05515
COG0769	K01928
COG0770	K01929
COG0472	K01000
COG0772	K03588
COG0707	K02563
COG0773	K01924
COG0812	K00075
COG1589	K03589
COG0849	K03590
COG0206	K03531
COG3227	K01400
COG0489	K16554
COG3206	K16554
COG0392	K07027
COG1215	K00721
COG3394	K03478
COG1560	K02517
COG4637	K07459
COG3857	K16899
COG1074	K16898
COG2192	K00612
COG0568	K03086
COG0524	K00852
COG0300	K07124
COG4251	K11354
COG2202	K13587
COG1127	K02065
COG0767	K02066
COG4775	K07277
COG0755	K02497
COG0775	K01243
COG2768	K07138
COG1509	K01843
COG0189	K05844
COG5581	K21087
COG1695	K10947
COG3259	K17993
COG1639	K07181
COG1191	K02405
COG1298	K02400
COG1377	K02401
COG1684	K02421
COG3850	K07673
COG1987	K02420
COG1338	K02419
COG1315	K09749
COG3190	K02418
COG1776	K03410
COG1886	K02417
COG1868	K02416
COG1580	K02415
COG1582	K02385
COG1749	K02390
COG1843	K02389
COG3334	K02383
COG1157	K02412
COG1317	K02411
COG1536	K02410
COG1766	K02409
COG1677	K02408
COG1558	K02388
COG1815	K02387
COG1235	K06167
COG4773	K16090
COG0495	K01869
COG0599	K01607
COG0443	K04043
COG1285	K07507
COG4892	K17278
COG0861	K05794
COG3324	K06996
COG1368	K19005
COG0735	K03711
COG0284	K01591
COG0461	K00762
COG0229	K07305
COG0225	K07304
COG0479	K00240
COG0574	K01006
COG3848	K22579
COG0730	K07090
COG2197	K02479
COG0659	K03321
COG0471	K14445
COG0727	K06940
COG1053	K00239
COG2046	K00958
COG1908	K14127
COG1148	K03388
COG1150	K03390
COG0607	K21147
COG1143	K00338
COG0839	K00339
COG0713	K00340
COG1009	K00341
COG1008	K00342
COG2142	K00242
COG2009	K00241
COG1838	K01678
COG0537	K02503
COG0480	K02355
COG0749	K02335
COG1613	K23163
COG0555	K02046
COG4208	K02047
COG1118	K02045
COG1523	K01214
COG0370	K04759
COG1918	K04758
COG1556	K00782
COG0351	K00941
COG0611	K00946
COG0793	K03797
COG1995	K00097
COG0494	K01515
COG1702	K06217
COG0319	K07042
COG1253	K03699
COG1530	K08300
COG1533	K03716
COG0811	K03561
COG0848	K03559
COG0863	K07319
COG0477	K08153
COG0652	K03768
COG4221	K00059
COG1451	K07043
COG2814	K08153
COG0021	K00615
COG0166	K01810
COG0176	K08314
COG1011	K07025
COG0362	K00033
COG0364	K00036
COG0363	K02564
COG0395	K02026
COG1974	K01356
COG2177	K09811
COG2884	K09812
COG0669	K00954
COG2172	K04757
COG1366	K04749
COG3349	K02293
COG2252	K06901
COG3177	K04095
COG0379	K03517
COG1385	K09761
COG0828	K02970
COG2220	K03476
COG0037	K04075
COG0465	K03798
COG0302	K01495
COG0294	K00796
COG0777	K01963
COG0496	K03787
COG0518	K01951
COG0519	K01951
COG0449	K00820
COG0683	K01999
COG1606	K06864
COG1496	K05810
COG1968	K06153
COG2071	K07010
COG1466	K02340
COG1015	K01839
COG4576	K04028
COG0127	K02428
COG1104	K04487
COG1696	K19294
COG0702	K00329
COG0506	K00318
COG1131	K01990
COG1277	K19341
COG3225	K19681
COG1657	K06045
COG1196	K03529
COG1266	K07052
COG2385	K06381
COG0171	K01950
COG0313	K07056
COG0682	K13292
COG1225	K03564
COG0220	K03439
COG1597	K07029
COG0071	K13993
COG0226	K02040
COG0573	K02037
COG0581	K02038
COG1117	K02036
COG0704	K02039
COG3322	K07814
COG3043	K02568
COG0760	K03769
COG4380	K21008
COG1941	K17994
COG2327	K16710
COG1004	K00012
COG5360	K19052
COG0726	K22278
COG3267	K02450
COG3409	K08640
COG1331	K06888
COG0028	K01652
COG0853	K01579
COG0723	K02636
COG1290	K00412
COG0308	K01256
COG0696	K15633
COG2193	K03594
COG0344	K08591
COG0240	K00057
COG0017	K01893
COG1254	K01512
COG0503	K00759
COG0577	K05685
COG0177	K10773
COG0357	K03501
COG0445	K03495
COG0486	K03650
COG0706	K03217
COG0759	K08998
COG0230	K02914
COG0593	K02313
COG0592	K02338
COG2077	K11065
COG3621	K06900
COG0697	K03298
COG0187	K02470
COG0482	K00566
COG0413	K00606
COG0414	K01918
COG1207	K04042
COG0799	K09710
COG0018	K01887
COG0182	K08963
COG4783	K01423
COG0020	K00806
COG0277	K00104
COG2825	K06142
COG1044	K02536
COG0774	K02535
COG0764	K02372
COG1043	K00677
COG0095	K03800
COG0743	K00099
COG0750	K11749
COG0102	K02871
COG0103	K02996
COG0052	K02967
COG0264	K02357
COG0528	K09903
COG0233	K02838
COG1145	K03388
COG2065	K02825
COG0540	K00609
COG3276	K03833
COG1539	K01633
COG0801	K00950
COG2316	K06951
COG0034	K00764
COG0215	K01883
COG1209	K00973
COG2372	K14166
COG0836	K00971
COG1703	K07588
COG1680	K01286
COG1246	K00619
COG1884	K01848
COG1848	K07064
COG2185	K01849
COG0174	K01915
COG0605	K04564
COG1905	K18330
COG1894	K18331
COG0756	K01520
COG0436	K00812
COG1185	K00962
COG0184	K02956
COG0196	K11753
COG0130	K03177
COG0618	K06881
COG0858	K02834
COG0532	K02519
COG0195	K02600
COG0779	K09748
COG0598	K03284
COG1397	K05521
COG0389	K02346
COG1271	K00425
COG1294	K00426
COG1970	K03282
COG2309	K19689
COG1058	K03742
COG1514	K01975
COG0468	K03553
COG2137	K03565
COG2905	K07182
COG1598	K18843
COG0013	K01872
COG2350	K09780
COG1007	K00343
COG1055	K03893
COG0589	K06149
COG0441	K01868
COG0290	K02520
COG0291	K02916
COG0292	K02887
COG0016	K01889
COG0072	K01890
COG3027	K09888
COG1692	K09769
COG0656	K23257
COG2120	K01463
COG1063	K00008
COG2116	K21993
COG1217	K06207
COG2201	K03412
COG1352	K00575
COG3920	K00936
COG3290	K07706
COG0784	K13587
COG3452	K11527
COG3150	K07000
COG0797	K03642
COG0167	K17828
COG0492	K00384
COG0268	K02968
COG0516	K00088
COG3250	K01190
COG3033	K01667
COG1132	K11085
COG0009	K07566
COG0172	K01875
COG1048	K01681
COG4294	K13281
COG0114	K01679
COG2085	K06988
COG0514	K03654
COG0708	K01142
COG1592	K19824
COG0648	K01151
COG1230	K16264
COG1005	K00337
COG0778	K19286
COG1034	K00336
COG0649	K00333
COG0852	K00332
COG3264	K05802
COG0377	K00331
COG0838	K00330
COG0705	K19225
COG0739	K08259
COG0448	K00975
COG0626	K01761
COG1738	K09125
COG0733	K03308
COG1313	K04070
COG0350	K00567
COG0372	K01647
COG1452	K04744
COG1194	K03575
COG0701	K07089
COG0766	K00790
COG0497	K03631
COG3292	K19693
COG0054	K00794
COG0108	K14652
COG0807	K14652
COG0307	K00793
COG0117	K11752
COG1985	K11752
COG2048	K03389
COG4624	K18332
COG2000	K00533
COG3411	K22339
COG3293	K07492
COG1866	K01610
COG0280	K13788
COG1233	K09835
COG2146	K05710
COG2032	K04565
COG0693	K05520
COG1764	K04063
COG1926	K07100
COG0406	K15634
COG0366	K01208
COG1459	K02653
COG0170	K18678
COG5598	K14083
COG5012	K14084
COG0266	K10563
COG0433	K06915
COG0699	K06946
COG1304	K16422
COG3383	K05299
COG0148	K01689
COG0029	K00278
COG3956	K02499
COG1694	K02499
COG1584	K07034
COG1877	K01087
COG0380	K00697
COG3476	K05770
COG0824	K07107
COG0825	K01962
COG1086	K13013
COG3256	K04561
COG0668	K03442
COG3569	K03163
COG1724	K07339
COG1450	K02453
COG3880	K19411
COG4531	K00185
COG1999	K07152
COG1622	K02275
COG0843	K02274
COG1845	K02276
COG1612	K02259
COG0109	K02257
COG0556	K03702
COG0151	K01945
COG1966	K06200
COG0681	K03100
COG0286	K03427
COG0481	K03596
COG0203	K02879
COG0202	K03040
COG0522	K02986
COG0100	K02948
COG0099	K02952
COG0257	K02919
COG0361	K02518
COG0024	K01265
COG0563	K00939
COG0201	K03076
COG0200	K02876
COG1841	K02907
COG0098	K02988
COG0256	K02881
COG0097	K02933
COG0096	K02994
COG0199	K02954
COG0094	K02931
COG0198	K02895
COG0093	K02874
COG0186	K02961
COG0255	K02904
COG0197	K02878
COG0092	K02982
COG0091	K02890
COG0185	K02965
COG0090	K02886
COG0089	K02892
COG0088	K02926
COG0087	K02906
COG0051	K02946
COG0050	K02358
COG0188	K02469
COG2344	K01926
COG2382	K07214
COG0125	K00943
COG1088	K01710
COG1785	K01077
COG0709	K01008
COG2207	K07720
COG3449	K13652
COG0297	K00703
COG0803	K09815
COG1121	K09817
COG1108	K09816
COG3579	K01372
COG2810	K07504
COG1327	K07738
COG2131	K01493
COG0667	K05882
COG2972	K07718
COG2804	K02652
COG4796	K02666
COG4972	K02662
COG4726	K02673
COG2805	K02669
COG4249	K22684
COG0792	K07460
COG0164	K03470
COG0658	K02238
COG4589	K00981
COG1891	K09733
COG4651	K03455
COG1226	K03455
COG2986	K01745
COG0068	K04656
COG0355	K02114
COG0055	K02133
COG0056	K02111
COG0712	K02113
COG0711	K02109
COG0636	K02110
COG0356	K02108
COG0525	K01873
COG1376	K16291
COG1291	K02556
COG1360	K02557
COG1220	K03667
COG5405	K01419
COG2155	K09779
COG3667	K07233
COG2132	K22552
COG1193	K07456
COG1800	K07218
COG3387	K22934
COG1490	K07560
COG1282	K00325
COG3288	K00324
COG2217	K17686
COG3568	K06896
COG1971	K23242
COG1809	K08097
COG2079	K17724
COG1525	K01174
COG1830	K11645
COG2195	K01258
COG0359	K02939
COG0238	K02963
COG0629	K03111
COG0360	K02990
COG3808	K15987
COG0193	K01056
COG1825	K02897
COG0462	K00948
COG2088	K06412
COG1947	K00919
COG1674	K03466
COG2045	K05979
COG0404	K00605
COG0536	K03979
COG0409	K04654
COG0298	K04653
COG0178	K03701
COG2096	K00798
COG0309	K04655
COG1725	K07979
COG0235	K01628
COG0569	K03499
COG0168	K03498
COG0533	K01409
COG1814	K22736
COG1080	K01006
COG1641	K09121
COG0245	K12506
COG1211	K00991
COG0809	K07568
COG1895	K09132
COG0046	K23269
COG2985	K07085
COG1832	K06929
COG2730	K05991
COG1051	K03574
COG5009	K05366
COG2908	K03269
COG2109	K19221
COG0822	K04488
COG1636	K09765
COG0301	K03151
COG2151	K02612
COG0122	K01247
COG1516	K02422
COG1345	K02407
COG3121	K07346
COG0312	K03568
COG1575	K02548
COG2846	K07322
COG2511	K03330
COG1260	K01858
COG0483	K01092
COG1826	K03116
COG0564	K06180
COG0318	K00666
COG2876	K03856
COG0180	K01867
COG1354	K05896
COG1386	K06024
COG0283	K00945
COG0204	K00655
COG0761	K03527
COG0539	K02945
COG2223	K02575
COG1940	K00845
COG1392	K07220
COG0306	K03306
COG0142	K02523
COG0545	K03772
COG4690	K08659
COG1475	K03497
COG1192	K03496
COG1200	K03655
COG2270	K06902
COG0239	K06199
COG1993	K09137
COG0365	K01895
COG0527	K00928
COG0289	K00215
COG0329	K01714
COG0279	K03271
COG0241	K03273
COG1562	K02291
COG1109	K01840
COG1152	K00192
COG0324	K00791
COG1989	K02654
COG1951	K01677
COG3155	K05520
COG0039	K00024
COG0211	K02899
COG0261	K02888
COG1858	K00428
COG3593	K07459
COG0587	K02337
COG0162	K01866
COG0691	K03664
COG0249	K03555
COG4232	K04084
COG3688	K06962
COG4231	K00179
COG1024	K01715
COG0476	K21147
COG1519	K02527
COG0450	K03386
COG1335	K09020
COG3837	K07155
COG2154	K01724
COG1322	K09760
COG1357	K15352
COG3426	K00929
COG0079	K00817
COG0173	K01876
COG1045	K00640
COG0031	K01738
COG0012	K19788
COG0842	K13926
COG0643	K03407
COG2198	K03407
COG0835	K03408
COG0840	K03406
COG1871	K03411
COG3706	K02488
COG2199	K02488
COG1406	K03409
COG1691	K06898
COG0042	K05540
COG1259	K08999
COG0227	K02902
COG1792	K03570
COG1077	K03569
COG0138	K00602
COG0299	K11175
COG0423	K01880
COG0073	K01874
COG0143	K01874
COG0065	K01702
COG0066	K16793
COG4656	K03615
COG0634	K00760
COG0422	K03147
COG0617	K00974
COG2391	K07112
COG0798	K03325
COG1566	K03543
COG5499	K18831
COG1236	K07576
COG0405	K00681
COG0427	K18122
COG1488	K00763
COG0063	K17758
COG0062	K17758
COG5652	K20950
COG1022	K01897
COG0782	K03624
COG1983	K03973
COG0337	K01735
COG2206	K07814
COG0757	K03786
COG3146	K09919
COG1574	K07047
COG0688	K01613
COG1183	K17103
COG1828	K23264
COG0047	K23265
COG0805	K03118
COG0154	K02433
COG0064	K02434
COG4555	K09697
COG1668	K09696
COG2110	K15261
COG2379	K11529
COG2971	K18676
COG0725	K02020
COG0538	K00031
COG4692	K23083
COG0295	K01489
COG0572	K00876
COG1435	K00857
COG4359	K08966
COG1765	K07397
COG2068	K07141
COG1463	K02067
COG3444	K02794
COG2893	K02793
COG1493	K06023
COG1544	K05808
COG4974	K04763
COG0550	K03168
COG2922	K03747
COG0653	K03070
COG0639	K07313
COG0223	K00604
COG2738	K06973
COG0781	K03625
COG0144	K03500
COG2815	K08884
COG0036	K01783
COG1600	K18979
COG2027	K07259
COG3643	K00603
COG3404	K01500
COG0323	K03572
COG0623	K00208
COG2510	K08978
COG3049	K01442
COG1197	K03723
COG1247	K03823
COG1853	K16048
COG1672	K06921
COG4786	K02392
COG1256	K02396
COG3951	K02395
COG1706	K02394
COG0267	K02913
COG0690	K03073
COG0250	K02601
COG0080	K02867
COG0081	K02863
COG0244	K02864
COG0222	K02935
COG0085	K03043
COG0086	K03046
COG0048	K02950
COG0049	K02992
COG3088	K02200
COG1618	K06928
COG0078	K00611
COG0425	K04085
COG1387	K02347
COG3523	K11891
COG3455	K11892
COG3522	K11893
COG3521	K11906
COG2877	K01627
COG3294	K09163
COG4365	K22136
COG1522	K03719
COG0499	K01251
COG0192	K00789
COG2222	K15916
COG1925	K11189
COG3716	K02796
COG3715	K02795
COG0403	K00282
COG0439	K01961
COG0511	K02160
COG0231	K02356
COG3507	K06113
COG0272	K01972
COG0795	K11720
COG2153	K02348
COG2031	K02106
COG1788	K01039
COG2057	K01040
COG0183	K00626
COG0115	K00826
COG1396	K19449
COG4747	K01653
COG0458	K01955
COG0505	K01956
COG3137	K07283
COG0367	K01953
COG0677	K13015
COG0381	K01791
COG0274	K01619
COG2357	K07816
COG0566	K03218
COG1184	K18237
COG2078	K09141
COG1355	K06990
COG1286	K03558
COG0010	K01480
COG1945	K02626
COG0136	K00133
COG2859	K09797
COG1186	K02836
COG0787	K01775
COG1190	K04567
COG3321	K15314
COG0316	K13628
COG0720	K01737
COG0417	K02319
COG1205	K06877
COG3166	K02663
COG0327	K22391
COG1579	K07164
COG1042	K01905
COG0608	K07462
COG1545	K07068
COG2022	K03149
COG0502	K01012
COG0467	K08482
COG2373	K06894
COG1521	K03525
COG1654	K03524
COG0340	K03524
COG4770	K17490
COG0624	K01438
COG1879	K10439
COG3934	K19355
COG0604	K00344
COG0534	K03327
COG0531	K03294
COG1149	K03609
COG4802	K17892
COG1720	K22900
COG0507	K03581
COG2021	K00641
COG1736	K07561
COG1283	K03324
COG1100	K06945
COG0152	K01923
COG0015	K01756
COG0101	K06173
COG0619	K16785
COG3418	K02399
COG2063	K02393
COG1261	K02386
COG1757	K03315
COG1476	K07729
COG2249	K00355
COG0716	K00230
COG3360	K09165
COG3023	K01447
COG3727	K07458
COG0326	K04079
COG0270	K00558
COG1212	K00979
COG0504	K01937
COG1585	K07340
COG0631	K20074
COG4172	K02032
COG1123	K02032
COG1646	K17104
COG0179	K16164
COG0834	K02030
COG1443	K01823
COG4968	K02456
COG0700	K06374
COG2715	K06373
COG0328	K03469
COG0728	K03980
COG2256	K07478
COG0310	K02007
COG4871	K00197
COG0119	K01649
COG2080	K03518
COG1319	K03519
COG1062	K00121
COG1198	K04066
COG1743	K07445
COG1413	K22221
COG0058	K16153
COG3181	K07795
COG1484	K02315
COG1373	K07133
COG2831	K07326
COG2909	K03556
COG3886	K17677
COG0044	K01465
COG1748	K19064
COG1163	K06944
COG2062	K08296
COG0150	K01933
COG2033	K05919
COG1528	K02217
COG1027	K01744
COG1071	K21416
COG0022	K11381
COG0508	K00627
COG1126	K02028
COG2003	K03630
COG4942	K22719
COG2189	K07316
COG1881	K06910
COG0475	K03455
COG4623	K18691
COG0529	K00860
COG3635	K15635
COG3018	K09860
COG4680	K19166
COG1663	K00912
COG2121	K09778
COG0763	K00748
COG1690	K14415
COG2070	K02371
COG0217	K18189
COG0817	K01159
COG0632	K03550
COG2255	K03551
COG2230	K00574
COG0715	K02051
COG0600	K02050
COG1116	K02049
COG2378	K13573
COG0469	K00873
COG1299	K02770
COG1445	K02770
COG2502	K01914
COG5525	K21512
COG1033	K07003
COG0390	K02069
COG4103	K05801
COG3301	K04015
COG2896	K03639
COG1342	K06933
COG1064	K13953
COG0145	K01473
COG3866	K01728
COG0190	K01491
COG3527	K01575
COG0736	K00997
COG0320	K03644
COG0686	K00259
COG2839	K09793
COG1087	K12448
COG2980	K03643
COG3712	K07165
COG4252	K01768
COG2114	K01768
COG0242	K01462
COG1862	K03210
COG0343	K00773
COG0557	K12573
COG0216	K02835
COG1778	K03270
COG0794	K06041
COG3117	K11719
COG1934	K09774
COG1137	K06861
COG1508	K03092
COG2518	K00573
COG1803	K01734
COG3062	K02570
COG0655	K03809
COG3497	K06907
COG0464	K13525
COG3500	K06905
COG3628	K06903
COG1902	K00219
COG1505	K01322
COG3428	K08981
COG0402	K12960
COG0041	K01588
COG4869	K15024
COG3830	K07166
COG0213	K00756
COG1410	K00548
COG1401	K07452
COG5147	K07452
COG3525	K12373
COG1621	K01193
COG3669	K01206
COG0383	K01191
COG3828	K09992
COG3509	K03932
COG2152	K20885
COG0694	K22074
COG3450	K06995
COG3668	K19092
COG0662	K16011
COG0717	K01494
COG2832	K09790
COG5544	K05811
COG0553	K03580
COG1002	K07317
COG0827	K07317
COG3604	K02584
COG0732	K01154
COG0610	K01153
COG1483	K06922
COG1228	K01468
COG2987	K01712
COG2891	K03571
COG2104	K03154
COG0352	K00788
COG1715	K07448
COG4468	K00965
COG4630	K13481
COG4631	K13482
COG0498	K01733
COG1351	K03465
COG1139	K18929
COG1804	K07749
COG4096	K01153
COG2310	K05795
COG3903	K16247
COG3655	K07727
COG2262	K03665
COG0590	K11991
COG1861	K07257
COG3914	K09667
COG0146	K01474
COG0303	K03750
COG0315	K03637
COG0521	K03638
COG4946	K08676
COG0785	K06196
COG1512	K06872
COG1704	K03744
COG1912	K22205
COG4948	K01684
COG0110	K00661
COG2044	K07092
COG4666	K21393
COG5001	K21023
COG2268	K07192
COG1611	K22522
COG1794	K01779
COG3608	K06987
COG2026	K06218
COG2161	K19159
COG3012	K07039
COG2887	K07465
COG2018	K07131
COG1234	K00784
COG2337	K07171
COG3335	K07494
COG2861	K09798
COG0857	K06873
COG3425	K22838
COG2165	K02456
COG0596	K01055
COG2089	K01654
COG3980	K15897
COG1662	K07480
COG3642	K11211
COG0546	K01091
COG3415	K07499
COG1773	K12264
COG2801	K07497
COG0490	K03455
COG0864	K07722
COG1546	K03742
COG1201	K03724
COG0019	K01586
COG1477	K03734
COG2014	K09138
COG1550	K09764
COG1887	K09809
COG3842	K02052
COG0420	K03547
COG1237	K06897
COG2524	K04767
COG4239	K13895
COG4174	K13894
COG4166	K15580
COG0675	K07496
COG3093	K21498
COG3549	K07334
COG2231	K07457
COG5337	K06330
COG1204	K03726
COG1961	K06400
COG3547	K07486
COG2897	K01011
COG3746	K07221
COG1314	K03075
COG3108	K08640
COG3591	K01318
COG0744	K05366
COG0311	K08681
COG0214	K06215
COG1061	K01156
COG2253	K09144
COG3534	K01209
COG1070	K00854
COG3041	K19157
COG0584	K01126
COG1175	K02025
COG1653	K02027
COG0111	K00058
COG1932	K00831
COG3218	K18480
COG3392	K07318
COG3328	K07493
COG3620	K15773
COG4632	K01125
COG3300	K21023
COG0419	K03546
COG1593	K11690
COG3897	K22843
COG3958	K00615
COG3959	K00615
COG0575	K00981
COG0671	K19302
COG2515	K17950
COG1350	K06001
COG1001	K01486
COG2882	K02413
COG4537	K02456
COG1638	K21395
COG3090	K21394
COG4973	K03733
COG1682	K09690
COG1134	K09691
COG4421	K18134
COG1083	K00983
COG1052	K00058
COG1208	K16881
COG0003	K01551
COG1222	K13525
COG3576	K07006
COG1018	K00523
COG3464	K07485
COG2358	K07080
COG1480	K07037
COG3378	K06919
COG4099	K03932
COG3052	K01646
COG3051	K01643
COG1092	K06969
COG0721	K02435
COG2377	K09001
COG2963	K07483
COG0780	K09457
COG0338	K06223
COG1321	K03709
COG0410	K01996
COG0411	K01995
COG1928	K00728
COG3865	K04750
COG3554	K09957
COG0474	K01537
COG1105	K00882
COG3652	K08995
COG1713	K06950
COG2267	K01055
COG1272	K11068
COG1893	K00077
COG3882	K16027
COG3173	K11729
COG2366	K01434
COG2368	K14534
COG3233	K06986
COG1697	K03166
COG1389	K03167
COG0147	K01657
COG2159	K07045
COG2820	K03784
COG2211	K03292
COG0748	K07226
COG3806	K07167
COG3133	K06077
COG3014	K09859
COG3063	K02656
COG1280	K05834
COG1242	K07139
COG1647	K03928
COG0141	K00013
COG1660	K06958
COG1454	K19954
COG2005	K02019
COG4658	K03614
COG4659	K03612
COG4660	K03613
COG4657	K03617
COG2878	K03616
COG2303	K00108
COG0665	K00303
COG1437	K05873
COG2761	K07396
COG0560	K15781
COG1937	K21600
COG3086	K03803
COG1679	K09123
COG1786	K09128
COG1950	K08972
COG3202	K03301
COG3381	K03533
COG2180	K00373
COG1140	K00371
COG3258	K19713
COG0260	K01255
COG1610	K09117
COG0129	K01687
COG1651	K03673
COG2052	K09777
COG0548	K00930
COG1364	K00620
COG0002	K00145
COG0666	K21440
COG1023	K00033
COG3000	K22618
COG1719	K07013
COG4821	K03271
COG3653	K06015
COG1623	K07067
COG1329	K07736
COG4745	K00728
COG3950	K07459
COG4938	K07459
COG2816	K03426
COG3616	K18425
COG0512	K01658
COG0139	K01496
COG0107	K02500
COG1872	K09131
COG4956	K06865
COG2186	K05799
COG0826	K08303
COG2945	K07018
COG2265	K03215
COG3477	K08996
COG3594	K13663
COG2407	K01804
COG1252	K03885
COG0163	K03186
COG0043	K03182
COG2913	K06186
COG1391	K00982
COG1035	K00441
COG1482	K01809
COG3944	K16554
COG3919	K17810
COG3816	K09986
COG1882	K00656
COG0159	K01695
COG0133	K01696
COG0135	K01817
COG0134	K01609
COG0547	K00766
COG2982	K07289
COG0232	K01129
COG0684	K10218
COG1402	K01470
COG4753	K07720
COG2606	K03976
COG0153	K00849
COG0169	K00014
COG0703	K13829
COG1504	K09008
COG3580	K04115
COG2993	K00405
COG1957	K01239
COG2414	K03738
COG1486	K07406
COG0679	K07088
COG1492	K02232
COG0082	K01736
COG0345	K00286
COG1489	K06206
COG0554	K00864
COG2759	K01938
COG0460	K00003
COG1394	K02120
COG1156	K02118
COG1155	K02117
COG1436	K02122
COG1527	K02119
COG1390	K02121
COG1269	K02123
COG1320	K05571
COG2212	K05570
COG1863	K05569
COG0651	K05568
COG1006	K05567
COG2111	K05566
COG2764	K04750
COG1453	K07079
COG4566	K14987
COG0578	K00111
COG1239	K03405
COG1240	K03404
COG3199	K07029
COG2188	K03710
COG3221	K02044
COG1067	K04770
COG3664	K21000
COG2936	K06978
COG1099	K07051
COG1735	K07048
COG2513	K03417
COG2129	K07096
COG0161	K00833
COG1741	K06911
COG3467	K07005
COG4177	K01998
COG0559	K01997
COG0594	K03536
COG1847	K06346
COG2453	K14165
COG3552	K07161
COG3809	K09981
COG3762	K08988
COG0376	K03782
COG1914	K03322
COG5401	K06298
COG4936	K07720
COG2015	K05555
COG1119	K05776
COG2191	K11261
COG3740	K06904
COG2723	K05350
COG0695	K06191
COG2002	K06284
COG4667	K07001
COG1171	K01754
COG1111	K06877
COG3359	K07502
COG0627	K07214
COG1069	K00853
COG1020	K15654
COG3544	K08995
COG4992	K00821
COG0137	K01940
COG0165	K01755
COG2306	K09145
COG1883	K01572
COG3474	K08738
COG2182	K02027
COG1472	K01207
COG0175	K00390
COG3585	K02019
COG3875	K22373
COG2410	K09147
COG3191	K18572
COG4113	K07064
COG2855	K19239
COG2050	K02614
COG1962	K00584
COG0263	K00931
COG0014	K00147
COG1716	K11894
COG0207	K00560
COG4301	K18911
COG0368	K02233
COG2038	K00768
COG2087	K02231
COG3167	K02664
COG1640	K00705
COG3281	K05343
COG1842	K03969
COG0689	K00989
COG0429	K07019
COG4585	K07675
COG2168	K07237
COG2923	K07236
COG1553	K06039
COG1310	K21140
COG1977	K03636
COG2844	K00990
COG1089	K01711
COG1120	K02013
COG4284	K00972
COG0212	K01934
COG0131	K01693
COG0118	K02501
COG0077	K14170
COG1605	K14170
COG1141	K05337
COG0059	K00053
COG1469	K09007
COG4867	K07114
COG2998	K05772
COG4662	K05773
COG1964	K06937
COG1693	K09720
COG0069	K00265
COG0067	K00265
COG0070	K00265
COG2823	K04065
COG3869	K19405
COG0609	K02015
COG1699	K13626
COG1551	K03563
COG1060	K18285
COG1427	K11782
COG3344	K00986
COG3901	K19339
COG1874	K12308
COG1189	K06442
COG1465	K11646
COG2164	K09143
COG0430	K01974
COG3459	K13688
COG4806	K01813
COG0155	K00392
COG2968	K09807
COG3658	K03620
COG0602	K10026
COG0603	K06920
COG2716	K03567
COG0040	K00765
COG4106	K00598
COG2721	K01685
COG3031	K02452
COG4970	K08084
COG4967	K02671
COG3156	K02460
COG3149	K02462
COG3510	K18062
COG1718	K07178
COG4123	K15460
COG3410	K09384
COG0385	K03453
COG4076	K11434
COG0510	K07251
COG4671	K02563
COG1174	K05846
COG1732	K05845
COG1125	K05847
COG2898	K14205
COG5278	K03406
COG3533	K09955
COG1093	K02945
COG3222	K09931
COG1524	K18398
COG3246	K18013
COG1129	K10441
COG1878	K07130
COG2319	K14963
COG3356	K12349
COG0371	K00005
COG1913	K06974
COG3461	K09700
COG3647	K08984
COG3327	K02616
COG2944	K07726
COG1047	K03775
COG0128	K00800
COG4689	K01574
COG2605	K07031
COG1571	K06932
COG1910	K07219
COG0132	K01935
COG1834	K01482
COG3075	K00112
COG3718	K03337
COG1473	K01436
COG0287	K04517
COG0106	K01814
COG2257	K04061
COG4548	K02448
COG4927	K19200
COG4354	K17108
COG2242	K00595
COG3784	K09978
COG2094	K03652
COG4668	K02798
COG4969	K02650
COG4639	K07313
COG0488	K06158
COG2863	K17230
COG1300	K06384
COG5414	K07114
COG3665	K09967
COG4870	K01371
COG5266	K10094
COG3659	K07267
COG1532	K06964
COG1106	K07459
COG4748	K07504
COG2336	K07172
COG1569	K07063
COG0076	K13745
COG0440	K01653
COG3431	K13256
COG1334	K06603
COG1820	K01443
COG1359	K11530
COG5016	K01571
COG1203	K07012
COG3649	K19118
COG1468	K07464
COG1518	K15342
COG1343	K09951
COG0415	K01669
COG5013	K00370
COG1751	K09126
COG0314	K21142
COG2095	K05595
COG2516	K01012
COG2074	K05715
COG3448	K07168
COG0800	K01625
COG1090	K07071
COG2273	K01216
COG2929	K09803
COG1839	K09129
COG4117	K03620
COG3485	K00449
COG3413	K11354
COG1487	K18828
COG0833	K03294
COG3682	K02171
COG1988	K07038
COG3447	K11527
COG1312	K01686
COG4934	K08677
COG0083	K00872
COG2940	K07117
COG4456	K18829
COG3905	K18918
COG3320	K13356
COG3178	K07102
COG2706	K07404
COG3458	K01060
COG0657	K01066
COG4774	K02014
COG4586	K01990
COG3488	K00428
COG2948	K20533
COG2017	K01785
COG4993	K00117
COG1167	K05825
COG3844	K01556
COG1113	K03294
COG1231	K00274
COG3127	K09808
COG4975	K05340
COG1393	K00537
COG3396	K02609
COG3663	K03649
COG5650	K13671
COG2107	K11785
COG1501	K01811
COG3024	K09862
COG3239	K10255
COG0565	K02533
COG2404	K07097
COG1981	K08973
COG3622	K01816
COG3595	K11621
COG5207	K11844
COG2514	K07104
COG0595	K12574
COG2503	K20728
COG1430	K09005
COG2064	K12511
COG4965	K12510
COG4962	K02283
COG4963	K02282
COG4964	K02280
COG3745	K02279
COG4960	K02278
COG3847	K02651
COG2352	K01595
COG3253	K00435
COG2084	K00020
COG2169	K10778
COG1159	K03595
COG2423	K19244
COG1349	K03436
COG1206	K04094
COG2952	K09804
COG2362	K16203
COG1172	K10440
COG1494	K02446
COG1615	K09118
COG5611	K07064
COG2348	K11693
COG1802	K22293
COG3757	K07273
COG3179	K03791
COG3419	K02674
COG3427	K09386
COG2041	K07147
COG2367	K17836
COG0710	K03785
COG1923	K03666
COG3494	K09949
COG2919	K05589
COG3284	K21405
COG3325	K01183
COG3650	K08985
COG2216	K01547
COG2060	K01546
COG1609	K02529
COG3511	K01114
COG1626	K03931
COG2406	K03594
COG3678	K06006
COG4798	K03183
COG3710	K22486
COG3964	K01465
COG2355	K01273
COG3634	K03387
COG5285	K00477
COG3836	K02510
COG1607	K01073
COG1210	K00963
COG1446	K13051
COG0258	K02335
COG3347	K01628
COG2802	K07157
COG1526	K02379
COG3058	K02380
COG3214	K09927
COG1758	K03060
COG1876	K07260
COG4299	K10532
COG0719	K09014
COG0396	K09013
COG3193	K11477
COG3399	K09943
COG4691	K21495
COG2138	K03795
COG2102	K06927
COG1576	K00783
COG5606	K15773
COG0788	K01433
COG2218	K22082
COG4311	K00304
COG0588	K01834
COG4152	K01990
COG2326	K22468
COG5553	K00456
COG5520	K01201
COG1796	K02347
COG3384	K15777
COG0672	K07243
COG3654	K07341
COG3436	K07484
COG0687	K11069
COG2141	K00320
COG4772	K02014
COG3318	K07039
COG1534	K07574
COG0293	K02427
COG0738	K02429
COG2520	K16381
COG4977	K13633
COG1324	K03926
COG5640	K09640
COG2322	K08976
COG3217	K07140
COG1245	K03616
COG0561	K21064
COG3666	K07487
COG1620	K03303
COG1398	K23054
COG1510	K22109
COG0786	K03312
COG2930	K20523
COG3345	K07407
COG1438	K03402
COG2346	K06886
COG3868	K21006
COG3590	K07386
COG0400	K06999
COG1770	K01354
COG2171	K00674
COG1565	K18164
COG1177	K11070
COG1176	K11071
COG2384	K06967
COG3254	K03534
COG4710	K18918
COG1457	K10974
COG0580	K06188
COG2215	K08970
COG2040	K00547
COG2770	K02484
COG3279	K02477
COG0751	K01879
COG0752	K14164
COG3029	K00246
COG3080	K00247
COG2850	K10277
COG0583	K21900
COG0431	K19784
COG5309	K01199
COG2386	K02194
COG1138	K02198
COG2332	K02197
COG3609	K07746
COG2939	K01288
COG3363	K11176
COG2871	K00351
COG0579	K15736
COG4565	K02475
COG2390	K05346
COG3822	K09988
COG1578	K09116
COG0562	K01854
COG1039	K03471
COG3752	K12343
COG1461	K07030
COG3957	K01621
COG2156	K01548
COG3260	K18023
COG3261	K15830
COG1049	K01682
COG1760	K01752
COG0513	K05592
COG1942	K01821
COG3588	K01623
COG4866	K01163
COG3248	K05517
COG0765	K02029
COG0434	K06971
COG3969	K00390
COG4570	K01160
COG3935	K02086
COG2932	K01356
COG4930	K01338
COG3940	K06113
COG2873	K01740
COG4146	K03307
COG1274	K01596
COG0033	K01835
COG3839	K10112
COG3884	K10782
COG3858	K06306
COG1554	K15923
COG1904	K01812
COG0847	K02342
COG1328	K21636
COG3528	K09953
COG0645	K07028
COG0650	K12138
COG4813	K09992
COG2236	K07101
COG4225	K15532
COG0638	K03433
COG2145	K00878
COG1112	K14326
COG3714	K18575
COG1066	K04485
COG3629	K22894
COG4953	K05367
COG2081	K07007
COG2895	K00955
COG3807	K07184
COG3047	K07275
COG3760	K19055
COG1168	K14155
COG1577	K00869
COG4257	K18235
COG3938	K01777
COG3040	K03098
COG1643	K03579
COG2059	K07240
COG0121	K18802
COG3302	K07308
COG2143	K01829
COG2183	K06959
COG1850	K01601
COG3800	K07110
COG2225	K01638
COG2224	K01637
COG0116	K07444
COG3380	K06955
COG5621	K20613
COG3945	K07322
COG2200	K21023
COG3768	K08990
COG0221	K01507
COG4784	K01423
COG2813	K00564
COG0855	K00937
COG3393	K06976
COG1337	K09002
COG1353	K19076
COG1517	K19145
COG4951	K18959
COG3572	K01919
COG2335	K19519
COG3185	K00457
COG1916	K09973
COG3405	K20542
COG0391	K11212
COG1384	K04566
COG1218	K01082
COG1671	K09768
COG3025	K18446
COG0447	K01661
COG3542	K09705
COG1678	K07735
COG4445	K06169
COG0354	K06980
COG3483	K00453
COG0654	K03185
COG2035	K08974
COG3004	K03313
COG2907	K06954
COG3496	K09701
COG2962	K05786
COG3287	K20964
COG2235	K01478
COG3555	K22616
COG1768	K07099
COG2912	K10301
COG4145	K14392
COG0625	K00799
COG1281	K04083
COG3176	K22310
COG4258	K07003
COG2988	K05526
COG2170	K06048
COG3186	K00500
COG3508	K00451
COG2608	K07213
COG2836	K09792
COG5456	K09926
COG3278	K00404
COG2609	K00163
COG1169	K02552
COG1165	K02551
COG5265	K05663
COG4398	K10302
COG0661	K03688
COG2166	K02426
COG0722	K01626
COG1257	K00054
COG0837	K00845
COG4590	K02037
COG3735	K09973
COG0567	K00164
COG3358	K09164
COG2978	K12942
COG0783	K04047
COG3651	K09966
COG3526	K07401
COG3295	K09939
COG1166	K01585
COG3506	K09702
COG3598	K07505
COG4579	K00906
COG2274	K11004
COG3220	K09930
COG3219	K09929
COG4127	K07448
COG1637	K07503
COG4988	K16013
COG4987	K16012
COG1875	K07175
COG2829	K01058
COG3695	K07443
COG0647	K02566
COG1288	K02106
COG0387	K07300
COG3917	K14584
COG2717	K17247
COG3424	K16167
COG1755	K16168
COG2264	K02687
COG1195	K03629
COG4451	K01602
COG0259	K00275
COG3240	K12686
COG3639	K02042
COG3638	K02041
COG2747	K02398
COG3440	K07454
COG3168	K02665
COG3460	K02610
COG3963	K22309
COG3885	K09141
COG4865	K19268
COG5615	K14166
COG0349	K03684
COG4717	K03546
COG2967	K06195
COG0271	K05527
COG0278	K07390
COG3270	K11392
COG3213	K07234
COG4314	K19342
COG4263	K00376
COG1819	K05841
COG4097	K17247
COG1835	K16568
COG5029	K05956
COG4181	K05685
COG3540	K01113
COG2851	K03300
COG4978	K19575
COG0397	K08997
COG0386	K00432
COG2127	K06891
COG2771	K03556
COG3823	K22757
COG2321	K07054
COG3970	K14259
COG3618	K07046
COG2272	K03929
COG3211	K07093
COG2187	K07028
COG2370	K03192
COG3505	K03205
COG3701	K20531
COG3504	K20532
COG3451	K12063
COG1423	K07468
COG1666	K09767
COG3333	K07793
COG3550	K07154
COG3200	K01626
COG1188	K04762
COG1742	K09771
COG5569	K07810
COG1072	K00867
COG2405	K07066
COG0791	K21471
COG3134	K06077
COG2076	K11741
COG3661	K01235
COG2808	K07734
COG0676	K01792
COG0035	K00761
COG3402	K09167
COG0023	K03113
COG4357	K10144
COG3434	K07181
COG3773	K01449
COG4966	K02672
COG4502	K05967
COG4108	K02837
COG1707	K06862
COG4913	K03529
COG2380	K09785
COG2910	K07118
COG2937	K00631
COG0219	K03216
COG5426	K07114
COG4785	K05803
COG1857	K19075
COG3187	K03668
COG3571	K07020
COG1686	K07258
COG3198	K09926
COG3296	K09940
COG5573	K07064
COG4149	K02018
COG4148	K02017
COG3251	K05375
COG3208	K12242
COG0790	K07126
COG2124	K21164
COG1038	K01958
COG4567	K15012
COG1495	K03611
COG3238	K09936
COG3607	K07032
COG3275	K07704
COG2847	K09796
COG1429	K02230
COG0523	K02234
COG0208	K00526
COG4952	K01820
COG1540	K07160
COG2049	K06351
COG1984	K06350
COG3545	K07002
COG2360	K00684
COG3584	K21688
COG2115	K01805
COG1840	K02012
COG2821	K08304
COG4635	K00230
COG1059	K03653
COG3123	K09913
COG2173	K08641
COG3457	K21898
COG4564	K03406
COG3228	K09933
COG4424	K08104
COG4581	K03727
COG2334	K02204
COG4032	K06034
COG2209	K00350
COG1347	K00349
COG2869	K00348
COG1726	K00346
COG2055	K00073
COG2875	K05936
COG2602	K17838
COG1284	K07149
COG1906	K09133
COG2848	K09157
COG4147	K14393
COG2184	K04095
COG3893	K16899
COG2210	K07092
COG1806	K09773
COG3738	K09974
COG3422	K09946
COG4670	K01026
COG5008	K02670
COG3175	K02258
COG1795	K10713
COG2232	K06913
COG1980	K01622
COG1821	K06914
COG1411	K01814
COG3252	K01499
COG2037	K00672
COG1907	K06984
COG2457	K09154
COG1229	K00200
COG1029	K00201
COG1153	K00203
COG4789	K03230
COG1568	K07057
COG1078	K06885
COG4559	K02013
COG0140	K11755
COG1318	K07745
COG5424	K06137
COG3605	K08484
COG3707	K22010
COG1547	K09763
COG2867	K18588
COG4233	K08344
COG2906	K02192
COG1767	K13927
COG2345	K09012
COG1892	K01595
COG2269	K04568
COG1548	K07072
COG2054	K07144
COG3926	K22918
COG1332	K19140
COG1567	K19139
COG1421	K19138
COG4986	K02050
COG1341	K06947
COG1367	K07061
COG1583	K19091
COG4277	K02237
COG1949	K13288
COG2421	K01455
COG5274	K00463
COG4119	K23258
COG3030	K07113
COG4857	K00899
COG4341	K21196
COG4360	K00988
COG1243	K07139
COG5496	K18700
COG5031	K18586
COG0819	K03707
COG3194	K01483
COG3298	K07501
COG3044	K06924
COG3142	K06201
COG3340	K05995
COG4947	K07214
COG3491	K04125
COG3892	K01635
COG3785	K11940
COG1362	K01267
COG4126	K16841
COG3535	K09703
COG3361	K09166
COG4248	K08884
COG3216	K09928
COG2175	K03119
COG1563	K07242
COG3971	K02554
COG0120	K01807
COG2233	K02824
COG4638	K00479
COG4888	K17257
COG3826	K09990
COG3215	K02676
COG3742	K19686
COG4423	K19687
COG4941	K03088
COG2746	K00662
COG2126	K10716
COG2509	K07137
COG4188	K01062
COG5078	K10579
COG4460	K07024
COG4547	K09883
COG3977	K00835
COG3910	K07459
COG3804	K21672
COG3764	K07284
COG4021	K10761
COG2162	K00675
COG0670	K06890
COG1273	K10979
COG2902	K15371
COG4336	K22210
COG2610	K03299
COG1478	K12234
COG1805	K21163
COG3787	K09979
COG1896	K07023
COG3475	K07271
COG4700	K12600
COG2072	K07222
COG3541	K07074
COG5517	K16320
COG4235	K04018
COG4242	K13282
COG3126	K09914
COG3089	K09898
COG2837	K07223
COG1330	K03583
COG1079	K02057
COG4603	K02057
COG3845	K02056
COG1744	K07335
COG4154	K02431
COG3603	K09707
COG4408	K04940
COG2941	K06134
COG1635	K22699
COG1737	K19337
COG4047	K01741
COG3268	K12445
COG1054	K07146
COG2313	K16330
COG3645	K14623
COG3201	K03811
COG4922	K06893
COG2388	K06975
COG1754	K03168
COG3751	K07394
COG4186	K07099
COG1178	K02011
COG4646	K07317
COG2935	K21420
COG3558	K09958
COG2521	K06983
COG3132	K09915
COG4374	K19686
COG3947	K22894
COG4115	K19158
COG1864	K01173
COG4214	K10544
COG1791	K08967
COG4229	K09880
COG1798	K21440
COG3273	K14445
COG3557	K07586
COG3076	K09893
COG3059	K15977
COG4833	K08257
COG3733	K00276
COG0026	K01589
COG3759	K08987
COG1953	K03457
COG3570	K04343
COG3565	K06991
COG5010	K02656
COG3577	K06985
COG2720	K18346
COG4213	K10543
COG3614	K11527
COG4455	K11898
COG3183	K07453
COG3512	K09951
COG3513	K09952
COG4845	K19271
COG4346	K00728
COG4237	K12140
COG3262	K15830
COG3473	K01799
COG5026	K00844
COG5478	K19792
COG4247	K01083
COG3145	K10859
COG0269	K13831
COG3962	K03336
COG4551	K20201
COG2826	K07482
COG2989	K21470
COG3330	K09942
COG4754	K02049
COG4757	K06889
COG1986	K01529
COG3670	K00464
COG3538	K09704
COG2140	K06859
COG4669	K03222
COG4790	K03226
COG3942	K22409
COG1076	K05801
COG3306	K07270
COG2311	K07148
COG3317	K07287
COG4124	K01218
COG1982	K01582
COG3128	K07336
COG2324	K08977
COG2130	K23256
COG1182	K01118
COG1276	K14166
COG1244	K06936
COG3010	K01788
COG3336	K02351
COG4303	K03735
COG4302	K03736
COG3195	K13485
COG2351	K07127
COG3648	K00365
COG3257	K14977
COG2243	K03394
COG2099	K05895
COG2073	K02189
COG2241	K00595
COG1010	K13541
COG2082	K06042
COG3684	K01635
COG3038	K12262
COG1965	K06202
COG4573	K16371
COG2042	K07241
COG3376	K07241
COG3265	K00851
COG4716	K10254
COG3781	K08994
COG3967	K14189
COG1416	K09004
COG3184	K09924
COG2807	K03449
COG4829	K03464
COG4452	K06143
COG1270	K02227
COG1813	K07729
COG3546	K06334
COG3867	K01224
COG3247	K21908
COG3981	K03790
COG1869	K06726
COG3898	K02498
COG2409	K06994
COG1513	K01725
COG4095	K15383
COG3484	K07395
COG3416	K09945
COG1705	K02395
COG5542	K07542
COG4266	K01477
COG3245	K00406
COG3158	K03549
COG1415	K09003
COG3729	K06884
COG5605	K02277
COG2254	K07012
COG1688	K19090
COG0585	K06176
COG1769	K09127
COG1336	K09000
COG3337	K19141
COG1604	K19142
COG2365	K18045
COG1812	K00789
COG3435	K00450
COG3854	K06390
COG3263	K11105
COG1920	K14941
COG5555	K01127
COG2996	K00243
COG3161	K03181
COG3242	K09937
COG5498	K01180
COG1017	K05916
COG3021	K18353
COG3495	K09950
COG3046	K06876
COG3148	K05812
COG1564	K00949
COG4891	K16260
COG3813	K09984
COG4663	K21395
COG4664	K11690
COG4665	K11689
COG2317	K01299
COG4650	K14414
COG0408	K00228
COG4618	K12536
COG3675	K16818
COG4763	K11941
COG2991	K05952
COG3968	K01915
COG2819	K07017
COG1608	K06981
COG3407	K01597
COG3931	K01458
COG0435	K07393
COG3329	K07086
COG4250	K07814
COG5135	K00275
COG1929	K00865
COG2452	K07450
COG2354	K09781
COG1348	K22899
COG3741	K01458
COG2710	K02591
COG2039	K01304
COG2949	K03748
COG0818	K00887
COG3243	K03821
COG4558	K02016
COG3720	K07225
COG4826	K13963
COG0754	K01460
COG3705	K02502
COG2066	K01425
COG1978	K10672
COG2981	K06203
COG5379	K13622
COG2149	K00389
COG5338	K20920
COG3026	K03598
COG5531	K15223
COG3009	K09857
COG2703	K07216
COG1628	K09120
COG3319	K02364
COG3478	K07069
COG0478	K11211
COG4091	K00003
COG2927	K02339
COG3644	K09965
COG3833	K15772
COG5398	K21418
COG1395	K22300
COG4200	K20461
COG3883	K21471
COG4268	K19147
COG3717	K01815
COG4572	K06197
COG4760	K06890
COG3564	K09959
COG4253	K11904
COG3066	K03573
COG1787	K07448
COG2425	K07114
COG2872	K07050
COG2900	K03745
COG0850	K03610
COG2894	K03609
COG0851	K03608
COG4143	K02064
COG3022	K09861
COG4199	K07462
COG4959	K12062
COG3846	K07344
COG0678	K11187
COG4101	K14673
COG4908	K00635
COG5126	K13448
COG3575	K09962
COG3825	K09989
COG3486	K03897
COG1944	K09136
COG3372	K09744
COG3814	K09985
COG1026	K06972
COG4087	K01533
COG1407	K06953
COG2100	K06871
COG3159	K09921
COG2122	K09740
COG5377	K01143
COG1851	K09130
COG3583	K21688
COG1817	K09726
COG1275	K03304
COG4133	K02193
COG3573	K07077
COG3234	K09934
COG3236	K09935
COG5113	K09935
COG3754	K07272
COG3196	K09925
COG2150	K00058
COG2842	K07132
COG1448	K00832
COG1897	K00651
COG1031	K14441
COG3758	K09975
COG2732	K03623
COG4290	K01167
COG3681	K20021
COG2974	K03554
COG1811	K07150
COG3129	K06970
COG2942	K16213
COG4580	K02024
COG3143	K03414
COG1179	K22132
COG2838	K00031
COG2990	K09824
COG3772	K01185
COG1223	K22530
COG3734	K00883
COG3802	K14259
COG1339	K07732
COG2160	K01804
COG3395	K22129
COG3719	K01169
COG2376	K05878
COG4137	K02497
COG3774	K22721
COG3680	K09968
COG4413	K08717
COG2857	K00413
COG4889	K19789
COG3916	K22957
COG3602	K09964
COG1946	K10805
COG3587	K01156
COG1700	K09124
COG4328	K09147
COG4401	K06208
COG3530	K09954
COG5350	K14819
COG3812	K09983
COG4193	K13714
COG1889	K03183
COG5625	K22659
COG3703	K07232
COG4094	K15744
COG2921	K09158
COG3946	K06889
COG3001	K15523
COG3788	K07136
COG2977	K02362
COG3230	K07215
COG4678	K12056
COG1098	K07571
COG1380	K06518
COG1346	K05339
COG3232	K01826
COG2704	K07792
COG3338	K01674
COG1455	K02761
COG3456	K11913
COG3913	K11890
COG0814	K03834
COG3124	K08682
COG4175	K02000
COG4176	K02001
COG2113	K02002
COG3002	K09822
COG3469	K01183
COG4674	K11962
COG5443	K06601
COG5442	K06602
COG3728	K07474
COG1041	K07446
COG4575	K05594
COG2112	K07176
COG0831	K01430
COG0832	K01429
COG0804	K01428
COG2371	K03187
COG0830	K03188
COG0829	K03190
COG3357	K07743
COG3352	K13924
COG5014	K04069
COG5017	K07432
COG4943	K21023
COG4881	K00185
COG4340	K20418
COG1535	K01252
COG3341	K06993
COG1979	K19955
COG3630	K01573
COG4281	K08762
COG3015	K06079
COG0418	K01465
COG4917	K04029
COG2603	K06917
COG2342	K01884
COG3770	K07261
COG2158	K07162
COG1781	K00610
COG2904	K06879
COG4121	K15461
COG2964	K21829
COG3480	K07177
COG3687	K07044
COG1507	K09009
COG4779	K23187
COG2364	K07149
COG0692	K03648
COG0813	K03784
COG2508	K09684
COG5663	K05967
COG3965	K16264
COG2845	K09795
COG1444	K06957
COG2047	K07159
COG3973	K03657
COG4044	K23205
COG5039	K19431
COG4114	K13255
COG3346	K14998
COG5006	K11939
COG4544	K14160
COG2822	K07224
COG4597	K09970
COG2375	K07229
COG2828	K20451
COG1799	K09772
COG4569	K04073
COG1938	K07159
COG4308	K10533
COG2933	K06968
COG3105	K09908
COG3835	K02647
COG3487	K07231
COG4825	K07142
COG4264	K03895
COG1903	K02188
COG1824	K07244
COG3704	K03201
COG2359	K06416
COG1340	K10716
COG2229	K06945
COG2178	K07477
COG3423	K07724
COG2061	K01754
COG3596	K06946
COG3144	K02414
COG3226	K02167
COG2501	K14761
COG4766	K04030
COG3323	K11022
COG4134	K05777
COG3154	K03690
COG1481	K09762
COG1292	K05020
COG2213	K02798
COG3135	K05782
COG3091	K02742
COG2240	K00868
COG4820	K04024
COG4816	K04026
COG4819	K04019
COG1279	K06895
COG2917	K06190
COG4469	K06198
COG3013	K09161
COG2144	K07123
COG4720	K16924
COG1227	K15986
COG1365	K23170
COG3442	K07009
COG3180	K07120
COG4583	K00305
COG0246	K00009
COG3689	K08986
COG1264	K20116
COG1263	K20116
COG3896	K18554
COG5524	K04641
COG2740	K07742
COG1827	K07105
COG4002	K00625
COG5632	K01447
COG3976	K17363
COG2029	K09139
COG4769	K00805
COG3888	K00845
COG5007	K22066
COG0027	K08289
COG1056	K13522
COG3731	K02781
COG3732	K02782
COG3730	K02783
COG3313	K06938
COG3818	K06977
COG3775	K02775
COG1135	K02071
COG4158	K10440
COG1888	K09732
COG1464	K02073
COG2011	K02072
COG5416	K08992
COG3777	K09709
COG2824	K06193
COG4981	K11533
COG2179	K07015
COG4132	K02054
COG4496	K03720
COG1865	K08260
COG3723	K07455
COG1990	K04794
COG3960	K01608
COG4882	K19701
COG4120	K05832
COG1101	K05833
COG3859	K16789
COG5083	K05967
COG3531	K07396
COG4619	K02068
COG1036	K00176
COG3283	K03721
COG4209	K17319
COG3412	K05881
COG4110	K05792
COG4362	K00491
COG3711	K03483
COG2899	K09799
COG4088	K00860
COG3397	K03933
COG4305	K20628
COG1859	K07559
COG5018	K06348
COG3553	K09956
COG3231	K19300
COG5271	K14572
COG1531	K09715
COG5186	K19619
COG1485	K06916
COG5238	K14319
COG2190	K02777
COG1709	K15773
COG2090	K09738
COG3543	K09706
COG3722	K02562
COG2266	K19712
COG1856	K09711
COG4343	K19085
COG4542	K16651
COG1930	K02009
COG4725	K05925
COG1952	K03071
COG3766	K08989
COG5222	K05791
COG4230	K13821
COG4604	K02013
COG4605	K02015
COG4606	K02015
COG4607	K02016
COG1712	K06989
COG5610	K07025
COG3708	K13653
COG4196	K22452
COG4989	K05275
COG4521	K15551
COG4326	K06377
COG1021	K02363
COG5298	K06986
COG4721	K16925
COG4724	K01227
COG4245	K07114
COG3709	K05774
COG3414	K02822
COG3037	K03475
COG2123	K00989
COG1783	K06909
COG3433	K01252
COG3470	K07230
COG3465	K09388
COG2959	K06313
COG1655	K09766
COG4684	K16789
COG1954	K02443
COG4839	K13052
COG4578	K02466
COG2607	K06923
COG1780	K03647
COG1358	K07590
COG1784	K08971
COG1124	K02032
COG5324	K14680
COG1854	K07173
COG1665	K09717
COG3961	K04103
COG0630	K03196
COG5153	K17900
COG3113	K07122
COG3077	K07473
COG4509	K08600
COG3633	K07862
COG4750	K01009
COG3192	K04023
COG5329	K11211
COG4812	K04032
COG3138	K00673
COG3724	K01484
COG3061	K19304
COG3388	K05311
COG1963	K09775
COG4571	K08566
COG4370	K00748
COG2992	K03796
COG4267	K21012
COG1161	K14540
COG1424	K01906
COG1542	K09010
COG1110	K03170
COG1658	K05985
COG1382	K19304
COG5501	K17226
COG5260	K07076
COG4795	K02459
COG1591	K03552
COG2419	K15566
COG1730	K07221
COG3331	K03700
COG4220	K22014
COG3499	K06906
COG4197	K22302
COG1867	K00555
COG5554	K02593
COG1458	K09006
COG1880	K00195
COG2383	K17986
COG3095	K03804
COG4189	K03892
COG2731	K19334
COG3676	K07488
COG3498	K06908
COG5623	K06947
COG3069	K03326
COG3207	K22952
COG1689	K09719
COG3374	K08980
COG3589	K09963
COG5033	K11341
COG3562	K07265
COG5091	K09667
COG2443	K07342
COG3417	K07337
COG1890	K02984
COG1383	K02962
COG2098	K09739
COG3390	K09746
COG5275	K10793
COG1992	K21219
COG1681	K07325
COG1617	K09119
COG3083	K07014
COG4642	K19755
COG2925	K01141
COG2854	K07323
COG3054	K07109
COG4171	K02034
COG3887	K22927
COG4588	K10938
COG2958	K09805
COG3454	K06162
COG3489	K07338
COG3782	K09977
COG4568	K19000
COG3556	K08983
COG3310	K09941
COG3623	K03079
COG2811	K02107
COG5314	K20266
COG5375	K11719
COG3068	K09891
COG4261	K02517
COG4706	K02372
COG4809	K00918
COG3765	K16554
COG2918	K01919
COG3125	K02300
COG4822	K02190
COG2830	K09789
COG1441	K02549
COG3561	K07741
COG3048	K01753
COG4955	K10900
COG2841	K09794
COG4615	K06160
COG2916	K03746
COG5212	K01120
COG1114	K03311
COG3109	K03607
COG5571	K12686
COG3421	K01156
COG2108	K07129
COG3116	K03586
COG3660	K07276
COG1326	K00568
COG3122	K09912
COG2983	K09160
COG4211	K10541
COG3978	K11258
COG2901	K03557
COG2973	K03720
COG5077	K11858
COG2134	K01521
COG3805	K10253
COG4520	K06077
COG3008	K06192
COG2995	K03808
COG4736	K00407
COG3102	K09907
COG5641	K03413
COG2961	K07115
COG1025	K01408
COG3101	K09906
COG3563	K07266
COG3524	K10107
COG3343	K03048
COG3713	K07274
COG2853	K04754
COG3799	K04835
COG4116	K18446
COG2999	K03675
COG2969	K03600
COG5560	K02881
COG4178	K02471
COG1901	K16317
COG2868	K07584
COG5055	K10873
COG1224	K07472
COG1258	K07583
COG1782	K07576
COG4463	K03708
COG4100	K01758
COG2739	K09787
COG5302	K19164
COG3400	K09944
COG2056	K07084
COG3136	K02442
COG3736	K03203
COG1107	K06959
COG3164	K07289
COG3907	K12978
COG3106	K06918
COG3697	K13927
COG3053	K01910
COG3045	K05805
COG3966	K03740
COG4778	K05780
COG4107	K05781
COG3627	K06163
COG3626	K06164
COG3625	K06165
COG3624	K06166
COG2994	K07389
COG3726	K02482
COG1133	K17938
COG1599	K06131
COG3700	K03788
COG4240	K15918
COG3065	K07285
COG3355	K02565
COG1497	K07730
COG1823	K06956
COG1955	K07333
COG2874	K07331
COG1750	K06870
COG4187	K01438
COG2946	K07467
COG1728	K09770
COG3353	K07329
COG4910	K13920
COG4909	K13919
COG1818	K06963
COG4647	K10856
COG5146	K09680
COG1019	K02318
COG3851	K07675
COG1855	K06865
COG1759	K06863
COG5310	K00808
COG5597	K00750
COG4553	K05973
COG3972	K03657
COG3855	K04041
COG5019	K06398
COG5565	K06909
COG3107	K07121
COG5119	K12260
COG1939	K11145
COG3721	K07227
COG1221	K19505
COG5439	K04749
COG5049	K08651
COG4535	K06189
COG5422	K20402
COG3641	K07035
COG1549	K18779
COG5272	K04551
COG5190	K17616
COG5066	K06381
COG5277	K05692
COG1311	K03269
COG3954	K00855
COG2413	K07073
COG5268	K20529
COG3838	K20528
COG2938	K09159
COG3067	K03314
COG3096	K03632
COG3529	K07070
COG4594	K23181
COG4533	K11925
COG5038	K16342
COG4536	K03699
COG2083	K09737
COG5643	K11261
COG4574	K08276
COG5270	K00390
COG3072	K05851
COG3297	K02461
COG3028	K09889
COG3141	K09918
COG3131	K03670
COG2943	K03669
COG5273	K21433
COG5325	K20444
COG4693	K12240
COG3100	K09902
COG4128	K10954
COG3056	K07286
COG4598	K10021
COG4215	K10020
COG4160	K10023
COG4136	K05779
COG4135	K05778
COG5510	K16348
COG3398	K04095
COG3110	K09909
COG3471	K09807
COG3566	K09960
COG4791	K03228
COG4794	K03227
COG3017	K02494
COG3560	K07078
COG3811	K09982
COG4130	K06606
COG3171	K09923
COG5596	K00598
COG3702	K03198
COG4492	K06209
COG5245	K10413
COG4465	K03706
COG4939	K20379
COG4582	K18778
COG5075	K01301
COG5108	K08309
COG3789	K09980
COG5577	K06439
COG1440	K02760
COG1447	K02759
COG4512	K07813
COG4862	K16511
COG3933	K19505
COG4810	K04031
COG5307	K07459
COG3479	K13727
COG4098	K02240
COG4781	K01126
COG3493	K11616
COG3936	K21462
COG1650	K09716
COG2136	K15984
COG4940	K02248
COG1356	K22299
COG3223	K13256
COG4477	K06286
COG1588	K03538
COG3611	K03346
COG4903	K02250
COG3763	K09976
COG4814	K01046
COG3445	K15763
COG1581	K03622
COG4023	K09481
COG5169	K02490
COG5258	K00463
COG1498	K00227
COG5050	K00993
COG5407	K05801
COG3492	K09948
COG5021	K10591
COG3006	K03633
COG5206	K01999
COG5256	K03231
COG3114	K02196
COG4688	K15255
COG1849	K14656
COG1909	K09735
COG1701	K09722
COG1829	K06982
COG3490	K09947
COG5188	K14645
COG4787	K02391
COG3840	K02062
COG4996	K17619
COG1095	K00849
COG3820	K09987
COG5570	K09794
COG5590	K18587
COG5352	K13583
COG5317	K13592
COG5387	K07556
COG3737	K09008
COG3761	K11352
COG5385	K13588
COG3249	K09938
COG5468	K03643
COG5452	K17662
COG5461	K02281
COG5481	K09794
COG4890	K00424
COG4525	K10831
COG4792	K03229
COG4150	K02048
COG1911	K07742
COG4459	K02571
COG2914	K09801
COG3165	K03690
COG4092	K07265
COG3151	K09920
COG3079	K09895
COG3073	K03597
COG4255	K15635
COG3312	K02116
COG3725	K03807
COG3139	K09916
COG3130	K03812
COG3160	K07740
COG2915	K07153
COG5371	K01510
COG2965	K02686
COG5411	K19949
COG3235	K02007
COG3085	K09897
COG3776	K08993
COG3112	K09910
COG3539	K07345
COG4138	K06074
COG3923	K04067
COG4592	K23185
COG5404	K13053
COG3099	K09901
COG3771	K08992
COG4776	K01147
COG4168	K19227
COG4139	K06073
COG3140	K09917
COG2926	K09802
COG3925	K02770
COG3082	K09904
COG5445	K06381
COG5160	K18015
COG3092	K09899
COG4999	K07678
COG3097	K09900
COG3036	K09890
COG3084	K09896
COG3060	K03764
COG3783	K15536
COG3050	K02344
COG1927	K00319
COG2093	K10716
COG4352	K02873
COG1103	K06868
COG5613	K15345
COG4738	K21903
COG5133	K02612
